{"poll-details":{"-MsVa74UBQiyDUiOJz1w":{"endTime":1672760285494,"latitude":0,"longitude":0,"participants":0,"questions":{"-MsV_VgCnSp3nljwBdIy":{"next":"-MsV_j7UB2aQIsT_pIU6","value":{"options":{"-MsV_auZhYD3DMWe7TFY":{"next":"-MsV_ccat-FllZfA5T76","value":"super"},"-MsV_ccat-FllZfA5T76":{"next":"-MsV_eJKg7F__EyWOq4Q","value":"ganz gut"},"-MsV_eJKg7F__EyWOq4Q":{"next":"-MsV_fAY6hpChj6NM3kz","value":"ok"},"-MsV_fAY6hpChj6NM3kz":{"next":"-MsV_g3QGTKG4wKUrOBL","value":"meh"},"_first":"-MsV_auZhYD3DMWe7TFY"},"text":"Wies das Wetter gerade?","type":"PollQuestionType.single"}},"-MsV_j7UB2aQIsT_pIU6":{"next":"-MsV_n_-p44YwvT7xrwd","value":{"options":{"-MsV_ketOVuQfXTpyGdM":{"next":"-MsV_lVHRTggX7BSdyNs","value":"ja"},"-MsV_lVHRTggX7BSdyNs":{"next":"-MsV_mDQWLUbCh4ovq0N","value":"Nein"},"-MsV_mDQWLUbCh4ovq0N":{"value":"vielleicht"},"_first":"-MsV_ketOVuQfXTpyGdM"},"text":"Regnet es gerade?","type":"PollQuestionType.single"}},"-MsV_n_-p44YwvT7xrwd":{"value":{"options":{"-MsV_saPpsfPpO9gQjnC":{"next":"-MsV_uAJmud7-qRit7OH","value":"auf jeden fall"},"-MsV_uAJmud7-qRit7OH":{"next":"-MsV_xSOGf2ganOikJCJ","value":"wahrscheinlich"},"-MsV_xSOGf2ganOikJCJ":{"next":"-MsV_yfXoonj2c72Jp_k","value":"vielleicht"},"-MsV_yfXoonj2c72Jp_k":{"next":"-MsVa1HII6l92tFVFttj","value":"nur ohne regnen"},"-MsVa1HII6l92tFVFttj":{"next":"-MsVa5jMCoqc-zhYKRCL","value":"hoechstens zum einkaufen"},"-MsVa5jMCoqc-zhYKRCL":{"value":"auf keinen fall"},"_first":"-MsV_saPpsfPpO9gQjnC"},"text":"Geht's heute abend nochmal auf die strasse?","type":"PollQuestionType.single"}},"_first":"-MsV_VgCnSp3nljwBdIy"},"radius":0,"startTime":1641224285494,"title":"Wetter"}},"poll-overview":{"xnqjhBk1wMZCYn2i33mDY4VZyFq2":{"-MsVa74UBQiyDUiOJz1w":{"endTime":1672760285494,"id":"-MsVa74UBQiyDUiOJz1w","participants":0,"startTime":1641224285494,"title":"Wetter"}}},"polls":{"-MsVa74UBQiyDUiOJz1w":{"endTime":1672760285494,"id":"-MsVa74UBQiyDUiOJz1w","latitude":0,"longitude":0,"participants":0,"radius":0,"startTime":1641224285494,"title":"Wetter"}}}