{"kind":"identitytoolkit#DownloadAccountResponse","users":[{"localId":"a9kzIBIBn8RGot5W3lrHwNilz2no","createdAt":"1641223840873","lastLoginAt":"1641223840873","displayName":"","photoUrl":"","passwordHash":"fakeHash:salt=fakeSaltwwH36YIAipbNweojBXyx:password=test_user@test_user.test_user","salt":"fakeSaltwwH36YIAipbNweojBXyx","passwordUpdatedAt":1641224650443,"providerUserInfo":[{"providerId":"password","email":"test_user@test_user.test_user","federatedId":"test_user@test_user.test_user","rawId":"test_user@test_user.test_user","displayName":"","photoUrl":""}],"validSince":"1641224650","email":"test_user@test_user.test_user","emailVerified":false,"disabled":false},{"localId":"ap05xhQ88z3Rm9evh9hPULyDwKad","createdAt":"1641223822246","lastLoginAt":"1641223822246","displayName":"","photoUrl":"","passwordHash":"fakeHash:salt=fakeSalt8wK5t9vIVHdlqjEg9S4s:password=tester@tester.tester","salt":"fakeSalt8wK5t9vIVHdlqjEg9S4s","passwordUpdatedAt":1641224650443,"providerUserInfo":[{"providerId":"password","email":"tester@tester.tester","federatedId":"tester@tester.tester","rawId":"tester@tester.tester","displayName":"","photoUrl":""}],"validSince":"1641224650","email":"tester@tester.tester","emailVerified":false,"disabled":false}]}